{"v":"5.7.4","fr":29.9700012207031,"ip":0,"op":60.0000024438501,"w":960,"h":580,"nm":"(3)不支援區域畫面_M","ddd":0,"assets":[{"id":"comp_0","layers":[{"ddd":0,"ind":1,"ty":4,"nm":"icon_frame","sr":1,"ks":{"o":{"a":0,"k":100,"ix":11},"r":{"a":0,"k":0,"ix":10},"p":{"a":0,"k":[52,51.92,0],"ix":2,"l":2},"a":{"a":0,"k":[766,51,0],"ix":1,"l":2},"s":{"a":1,"k":[{"i":{"x":[0.211,0.211,0.667],"y":[1.499,1.499,1]},"o":{"x":[0.498,0.498,0.333],"y":[0,0,0]},"t":0,"s":[100,100,100]},{"t":30.0000012219251,"s":[90,90,100]}],"ix":6,"x":"var $bm_rt;\n$bm_rt = loopOut('pingpong');","l":2}},"ao":0,"shapes":[{"ty":"gr","it":[{"ind":0,"ty":"sh","ix":1,"ks":{"a":0,"k":{"i":[[0,-6.38],[0,0],[6.36,0],[0,0],[0,0],[0.34,0],[0.42,0.34],[-0.22,0.86],[0,0],[0,0],[0,6.4],[0,0],[-6.36,0],[0,0]],"o":[[0,0],[0,6.4],[0,0],[0,0],[-0.3,0.14],[-0.52,0],[-0.66,-0.58],[0,0],[0,0],[-6.36,0],[0,0],[0,-6.38],[0,0],[6.36,0]],"v":[[40,-28.42],[40,18.42],[28.46,30],[-0.78,30],[-21.8,39.78],[-22.76,40],[-24.22,39.48],[-24.96,37.14],[-23.16,30],[-28.46,30],[-40,18.42],[-40,-28.42],[-28.46,-40],[28.46,-40]],"c":true},"ix":2},"nm":"Path 1","mn":"ADBE Vector Shape - Group","hd":false},{"ty":"st","c":{"a":0,"k":[1,1,1,1],"ix":3},"o":{"a":0,"k":100,"ix":4},"w":{"a":0,"k":5,"ix":5},"lc":2,"lj":2,"bm":0,"nm":"Stroke 1","mn":"ADBE Vector Graphic - Stroke","hd":false},{"ty":"tr","p":{"a":0,"k":[764,49.08],"ix":2},"a":{"a":0,"k":[0,0],"ix":1},"s":{"a":0,"k":[100,100],"ix":3},"r":{"a":0,"k":0,"ix":6},"o":{"a":0,"k":100,"ix":7},"sk":{"a":0,"k":0,"ix":4},"sa":{"a":0,"k":0,"ix":5},"nm":"Transform"}],"nm":"框","np":2,"cix":2,"bm":0,"ix":1,"mn":"ADBE Vector Group","hd":false}],"ip":0,"op":60.0000024438501,"st":0,"bm":0}]},{"id":"comp_1","layers":[{"ddd":0,"ind":1,"ty":4,"nm":"? Outlines","parent":2,"sr":1,"ks":{"o":{"a":0,"k":100,"ix":11},"r":{"a":0,"k":0,"ix":10},"p":{"a":0,"k":[748.97,69.58,0],"ix":2,"l":2},"a":{"a":0,"k":[0,0,0],"ix":1,"l":2},"s":{"a":0,"k":[100,100,100],"ix":6,"l":2}},"ao":0,"shapes":[{"ty":"gr","it":[{"ind":0,"ty":"sh","ix":1,"ks":{"a":0,"k":{"i":[[0,0],[0,0],[0,0],[-2.58,3.24],[0,5.28],[2.1,2.661],[5,0],[2.439,-1.959],[0,-3.84],[0,0],[0,0],[0,0],[-0.36,0.96],[-1.12,0],[-0.36,-0.84],[0,-1.479],[0.92,-1.76],[1.899,-0.54],[3.6,0]],"o":[[0,0],[0,0],[4.959,0],[2.58,-3.24],[0,-5.4],[-2.1,-2.66],[-4.12,0],[-2.44,1.96],[0,0],[0,0],[0,0],[0,-1.68],[0.36,-0.96],[1.08,0],[0.36,0.84],[0,3.681],[-0.921,1.761],[-1.9,0.54],[0,0]],"v":[[3.72,-13.32],[13.5,-13.32],[13.5,-18.3],[24.81,-23.16],[28.68,-35.94],[25.53,-48.03],[14.88,-52.02],[5.04,-49.08],[1.38,-40.38],[1.38,-32.94],[12.12,-32.94],[12.12,-37.26],[12.66,-41.22],[14.88,-42.66],[17.04,-41.4],[17.58,-37.92],[16.2,-29.76],[11.97,-26.31],[3.72,-25.5]],"c":true},"ix":2},"nm":"?","mn":"ADBE Vector Shape - Group","hd":false},{"ind":1,"ty":"sh","ix":2,"ks":{"a":0,"k":{"i":[[0,0],[0,0],[0,0],[0,0]],"o":[[0,0],[0,0],[0,0],[0,0]],"v":[[13.86,0],[13.86,-8.76],[3.42,-8.76],[3.42,0]],"c":true},"ix":2},"nm":"?","mn":"ADBE Vector Shape - Group","hd":false},{"ty":"mm","mm":1,"nm":"Merge Paths 1","mn":"ADBE Vector Filter - Merge","hd":false},{"ty":"fl","c":{"a":0,"k":[0.780389942842,0.780389942842,0.8,1],"ix":4},"o":{"a":0,"k":100,"ix":5},"r":1,"bm":0,"nm":"Fill 1","mn":"ADBE Vector Graphic - Fill","hd":false},{"ty":"tr","p":{"a":0,"k":[0,0],"ix":2},"a":{"a":0,"k":[0,0],"ix":1},"s":{"a":0,"k":[100,100],"ix":3},"r":{"a":0,"k":0,"ix":6},"o":{"a":0,"k":100,"ix":7},"sk":{"a":0,"k":0,"ix":4},"sa":{"a":0,"k":0,"ix":5},"nm":"Transform"}],"nm":"?","np":5,"cix":2,"bm":0,"ix":1,"mn":"ADBE Vector Group","hd":false}],"ip":0,"op":60.0000024438501,"st":0,"bm":0},{"ddd":0,"ind":2,"ty":4,"nm":"icon_frame","sr":1,"ks":{"o":{"a":0,"k":100,"ix":11},"r":{"a":0,"k":0,"ix":10},"p":{"a":0,"k":[52,51.92,0],"ix":2,"l":2},"a":{"a":0,"k":[766,51,0],"ix":1,"l":2},"s":{"a":1,"k":[{"i":{"x":[0.211,0.211,0.667],"y":[1.499,1.499,1]},"o":{"x":[0.498,0.498,0.333],"y":[0,0,0]},"t":0,"s":[100,100,100]},{"t":30.0000012219251,"s":[90,90,100]}],"ix":6,"x":"var $bm_rt;\n$bm_rt = loopOut('pingpong');","l":2}},"ao":0,"shapes":[{"ty":"gr","it":[{"ind":0,"ty":"sh","ix":1,"ks":{"a":0,"k":{"i":[[0,-6.38],[0,0],[6.36,0],[0,0],[0,0],[0.34,0],[0.42,0.34],[-0.22,0.86],[0,0],[0,0],[0,6.4],[0,0],[-6.36,0],[0,0]],"o":[[0,0],[0,6.4],[0,0],[0,0],[-0.3,0.14],[-0.52,0],[-0.66,-0.58],[0,0],[0,0],[-6.36,0],[0,0],[0,-6.38],[0,0],[6.36,0]],"v":[[40,-28.42],[40,18.42],[28.46,30],[-0.78,30],[-21.8,39.78],[-22.76,40],[-24.22,39.48],[-24.96,37.14],[-23.16,30],[-28.46,30],[-40,18.42],[-40,-28.42],[-28.46,-40],[28.46,-40]],"c":true},"ix":2},"nm":"Path 1","mn":"ADBE Vector Shape - Group","hd":false},{"ty":"st","c":{"a":0,"k":[0.780392216701,0.780392216701,0.800000059838,1],"ix":3},"o":{"a":0,"k":100,"ix":4},"w":{"a":0,"k":5,"ix":5},"lc":2,"lj":2,"bm":0,"nm":"Stroke 1","mn":"ADBE Vector Graphic - Stroke","hd":false},{"ty":"tr","p":{"a":0,"k":[764,49.08],"ix":2},"a":{"a":0,"k":[0,0],"ix":1},"s":{"a":0,"k":[100,100],"ix":3},"r":{"a":0,"k":0,"ix":6},"o":{"a":0,"k":100,"ix":7},"sk":{"a":0,"k":0,"ix":4},"sa":{"a":0,"k":0,"ix":5},"nm":"Transform"}],"nm":"框","np":2,"cix":2,"bm":0,"ix":1,"mn":"ADBE Vector Group","hd":false}],"ip":0,"op":60.0000024438501,"st":0,"bm":0}]},{"id":"comp_2","layers":[{"ddd":0,"ind":1,"ty":4,"nm":"icon_cry","sr":1,"ks":{"o":{"a":0,"k":100,"ix":11},"r":{"a":0,"k":0,"ix":10},"p":{"a":0,"k":[52,51.92,0],"ix":2,"l":2},"a":{"a":0,"k":[766,51,0],"ix":1,"l":2},"s":{"a":1,"k":[{"i":{"x":[0.211,0.211,0.667],"y":[1.499,1.499,1]},"o":{"x":[0.498,0.498,0.333],"y":[0,0,0]},"t":0,"s":[100,100,100]},{"t":30.0000012219251,"s":[90,90,100]}],"ix":6,"x":"var $bm_rt;\n$bm_rt = loopOut('pingpong');","l":2}},"ao":0,"shapes":[{"ty":"gr","it":[{"ind":0,"ty":"sh","ix":1,"ks":{"a":0,"k":{"i":[[-9.48,0],[-3.54,-8.28],[1.4,-0.6],[0.62,1.42],[7.08,0],[2.54,-6.24],[1.08,0],[0.36,0.14],[-0.6,1.42]],"o":[[9.28,0],[0.6,1.42],[-1.4,0.62],[-2.66,-6.24],[-7.24,0],[-0.44,1.08],[-0.36,0],[-1.4,-0.6],[3.4,-8.34]],"v":[[0.06,-8.97],[21.16,4.67],[19.72,8.35],[16.08,6.89],[0.06,-3.37],[-16.06,6.89],[-18.62,8.61],[-19.68,8.41],[-21.16,4.75]],"c":true},"ix":2},"nm":"Path 1","mn":"ADBE Vector Shape - Group","hd":false},{"ty":"mm","mm":4,"nm":"Merge Paths 1","mn":"ADBE Vector Filter - Merge","hd":false},{"ty":"fl","c":{"a":0,"k":[0.780392216701,0.780392216701,0.800000059838,1],"ix":4},"o":{"a":0,"k":100,"ix":5},"r":1,"bm":0,"nm":"Fill 1","mn":"ADBE Vector Graphic - Fill","hd":false},{"ty":"tr","p":{"a":0,"k":[769.08,57.69],"ix":2},"a":{"a":0,"k":[0,0],"ix":1},"s":{"a":0,"k":[100,100],"ix":3},"r":{"a":0,"k":0,"ix":6},"o":{"a":0,"k":100,"ix":7},"sk":{"a":0,"k":0,"ix":4},"sa":{"a":0,"k":0,"ix":5},"nm":"Transform"}],"nm":"嘴","np":3,"cix":2,"bm":0,"ix":1,"mn":"ADBE Vector Group","hd":false},{"ty":"gr","it":[{"ind":0,"ty":"sh","ix":1,"ks":{"a":0,"k":{"i":[[0,3.2],[-3.16,0],[0,-3.2],[3.14,0]],"o":[[0,-3.2],[3.14,0],[0,3.2],[-3.16,0]],"v":[[-5.71,0],[0.01,-5.78],[5.71,0],[0.01,5.78]],"c":true},"ix":2},"nm":"Path 1","mn":"ADBE Vector Shape - Group","hd":false},{"ty":"mm","mm":4,"nm":"Merge Paths 1","mn":"ADBE Vector Filter - Merge","hd":false},{"ty":"fl","c":{"a":0,"k":[0.780392216701,0.780392216701,0.800000059838,1],"ix":4},"o":{"a":0,"k":100,"ix":5},"r":1,"bm":0,"nm":"Fill 1","mn":"ADBE Vector Graphic - Fill","hd":false},{"ty":"tr","p":{"a":0,"k":[801.65,29.67],"ix":2,"x":"var $bm_rt;\n$bm_rt = content('\\u5de6\\u773c').transform.position;"},"a":{"a":0,"k":[-27.25,-0.25],"ix":1},"s":{"a":1,"k":[{"i":{"x":[0.667,0.667],"y":[1,1]},"o":{"x":[0.333,0.333],"y":[0,0]},"t":0,"s":[100,100]},{"t":30.0000012219251,"s":[100,30]}],"ix":3,"x":"var $bm_rt;\n$bm_rt = loopOut('pingpong');"},"r":{"a":0,"k":0,"ix":6},"o":{"a":0,"k":100,"ix":7},"sk":{"a":0,"k":0,"ix":4},"sa":{"a":0,"k":0,"ix":5},"nm":"Transform"}],"nm":"左眼 2","np":3,"cix":2,"bm":0,"ix":2,"mn":"ADBE Vector Group","hd":false},{"ty":"gr","it":[{"ind":0,"ty":"sh","ix":1,"ks":{"a":0,"k":{"i":[[0,3.2],[-3.16,0],[0,-3.2],[3.14,0]],"o":[[0,-3.2],[3.14,0],[0,3.2],[-3.16,0]],"v":[[-5.71,0],[0.01,-5.78],[5.71,0],[0.01,5.78]],"c":true},"ix":2},"nm":"Path 1","mn":"ADBE Vector Shape - Group","hd":false},{"ty":"mm","mm":4,"nm":"Merge Paths 1","mn":"ADBE Vector Filter - Merge","hd":false},{"ty":"fl","c":{"a":0,"k":[0.780392216701,0.780392216701,0.800000059838,1],"ix":4},"o":{"a":0,"k":100,"ix":5},"r":1,"bm":0,"nm":"Fill 1","mn":"ADBE Vector Graphic - Fill","hd":false},{"ty":"tr","p":{"a":0,"k":[755.65,29.42],"ix":2,"x":"var $bm_rt;\n$bm_rt = content('\\u5de6\\u773c').transform.position;"},"a":{"a":0,"k":[0,0],"ix":1},"s":{"a":1,"k":[{"i":{"x":[0.667,0.667],"y":[1,1]},"o":{"x":[0.333,0.333],"y":[0,0]},"t":0,"s":[100,100]},{"t":30.0000012219251,"s":[100,30]}],"ix":3,"x":"var $bm_rt;\n$bm_rt = loopOut('pingpong');"},"r":{"a":0,"k":0,"ix":6},"o":{"a":0,"k":100,"ix":7},"sk":{"a":0,"k":0,"ix":4},"sa":{"a":0,"k":0,"ix":5},"nm":"Transform"}],"nm":"左眼","np":3,"cix":2,"bm":0,"ix":3,"mn":"ADBE Vector Group","hd":false},{"ty":"gr","it":[{"ind":0,"ty":"sh","ix":1,"ks":{"a":0,"k":{"i":[[0,0],[0,0],[0,0],[0,0],[0,0]],"o":[[2.18,-2.32],[-1.44,2.14],[-0.34,2.02],[-2.36,2.5],[-2.4,-2.32]],"v":[[-2.64,-2.55],[5.18,-4.69],[3.44,-0.79],[2.02,2.37],[-2.78,2.47]],"c":true},"ix":2},"nm":"Path 1","mn":"ADBE Vector Shape - Group","hd":false},{"ty":"mm","mm":4,"nm":"Merge Paths 1","mn":"ADBE Vector Filter - Merge","hd":false},{"ty":"fl","c":{"a":0,"k":[0.780392216701,0.780392216701,0.800000059838,1],"ix":4},"o":{"a":0,"k":100,"ix":5},"r":1,"bm":0,"nm":"Fill 1","mn":"ADBE Vector Graphic - Fill","hd":false},{"ty":"tr","p":{"a":0,"k":[737.726,37.163],"ix":2},"a":{"a":0,"k":[0,0],"ix":1},"s":{"a":0,"k":[100,100],"ix":3},"r":{"a":0,"k":0,"ix":6},"o":{"a":0,"k":100,"ix":7},"sk":{"a":0,"k":0,"ix":4},"sa":{"a":0,"k":0,"ix":5},"nm":"Transform"}],"nm":"眼淚","np":3,"cix":2,"bm":0,"ix":4,"mn":"ADBE Vector Group","hd":false},{"ty":"gr","it":[{"ind":0,"ty":"sh","ix":1,"ks":{"a":0,"k":{"i":[[0,0],[0,0],[0,0],[0,0],[0,0]],"o":[[1.52,-1.62],[-1.02,1.48],[-0.24,1.4],[-1.64,1.76],[-1.68,-1.62]],"v":[[-1.83,-1.77],[3.61,-3.27],[2.39,-0.55],[1.41,1.63],[-1.93,1.71]],"c":true},"ix":2},"nm":"Path 1","mn":"ADBE Vector Shape - Group","hd":false},{"ty":"mm","mm":4,"nm":"Merge Paths 1","mn":"ADBE Vector Filter - Merge","hd":false},{"ty":"fl","c":{"a":0,"k":[0.780392216701,0.780392216701,0.800000059838,1],"ix":4},"o":{"a":0,"k":100,"ix":5},"r":1,"bm":0,"nm":"Fill 1","mn":"ADBE Vector Graphic - Fill","hd":false},{"ty":"tr","p":{"a":0,"k":[737.229,48.111],"ix":2},"a":{"a":0,"k":[0,0],"ix":1},"s":{"a":0,"k":[100,100],"ix":3},"r":{"a":0,"k":0,"ix":6},"o":{"a":0,"k":100,"ix":7},"sk":{"a":0,"k":0,"ix":4},"sa":{"a":0,"k":0,"ix":5},"nm":"Transform"}],"nm":"眼淚 2","np":3,"cix":2,"bm":0,"ix":5,"mn":"ADBE Vector Group","hd":false},{"ty":"gr","it":[{"ind":0,"ty":"sh","ix":1,"ks":{"a":0,"k":{"i":[[0,-6.38],[0,0],[6.36,0],[0,0],[0,0],[0.34,0],[0.42,0.34],[-0.22,0.86],[0,0],[0,0],[0,6.4],[0,0],[-6.36,0],[0,0]],"o":[[0,0],[0,6.4],[0,0],[0,0],[-0.3,0.14],[-0.52,0],[-0.66,-0.58],[0,0],[0,0],[-6.36,0],[0,0],[0,-6.38],[0,0],[6.36,0]],"v":[[40,-28.42],[40,18.42],[28.46,30],[-0.78,30],[-21.8,39.78],[-22.76,40],[-24.22,39.48],[-24.96,37.14],[-23.16,30],[-28.46,30],[-40,18.42],[-40,-28.42],[-28.46,-40],[28.46,-40]],"c":true},"ix":2},"nm":"Path 1","mn":"ADBE Vector Shape - Group","hd":false},{"ty":"st","c":{"a":0,"k":[0.780392216701,0.780392216701,0.800000059838,1],"ix":3},"o":{"a":0,"k":100,"ix":4},"w":{"a":0,"k":5,"ix":5},"lc":2,"lj":2,"bm":0,"nm":"Stroke 1","mn":"ADBE Vector Graphic - Stroke","hd":false},{"ty":"tr","p":{"a":0,"k":[764,49.08],"ix":2},"a":{"a":0,"k":[0,0],"ix":1},"s":{"a":0,"k":[100,100],"ix":3},"r":{"a":0,"k":0,"ix":6},"o":{"a":0,"k":100,"ix":7},"sk":{"a":0,"k":0,"ix":4},"sa":{"a":0,"k":0,"ix":5},"nm":"Transform"}],"nm":"框","np":2,"cix":2,"bm":0,"ix":6,"mn":"ADBE Vector Group","hd":false}],"ip":0,"op":60.0000024438501,"st":0,"bm":0}]},{"id":"comp_3","layers":[{"ddd":0,"ind":1,"ty":4,"nm":"Shape Layer 4","td":1,"sr":1,"ks":{"o":{"a":0,"k":100,"ix":11},"r":{"a":1,"k":[{"i":{"x":[0.833],"y":[0.833]},"o":{"x":[0.167],"y":[0.167]},"t":0,"s":[0]},{"t":30.0000012219251,"s":[360]}],"ix":10,"x":"var $bm_rt;\n$bm_rt = loopOut('cycle');"},"p":{"a":0,"k":[469.057,290,0],"ix":2,"l":2},"a":{"a":0,"k":[-10.943,0,0],"ix":1,"l":2},"s":{"a":0,"k":[100,100,100],"ix":6,"l":2}},"ao":0,"shapes":[{"ty":"gr","it":[{"ind":0,"ty":"sh","ix":1,"ks":{"a":0,"k":{"i":[[0,0],[0,0],[0,0]],"o":[[0,0],[0,0],[0,0]],"v":[[-267.776,-264.933],[-296.936,256.801],[-5.081,0.912]],"c":true},"ix":2},"nm":"Path 1","mn":"ADBE Vector Shape - Group","hd":false},{"ty":"gf","o":{"a":0,"k":100,"ix":10},"r":1,"bm":0,"g":{"p":2,"k":{"a":0,"k":[0,1,1,1,1,0,0,0],"ix":9}},"s":{"a":0,"k":[0,0],"ix":5},"e":{"a":0,"k":[100,0],"ix":6},"t":1,"nm":"Gradient Fill 1","mn":"ADBE Vector Graphic - G-Fill","hd":false},{"ty":"tr","p":{"a":0,"k":[0,0],"ix":2},"a":{"a":0,"k":[0,0],"ix":1},"s":{"a":0,"k":[100,100],"ix":3},"r":{"a":0,"k":0,"ix":6},"o":{"a":0,"k":100,"ix":7},"sk":{"a":0,"k":0,"ix":4},"sa":{"a":0,"k":0,"ix":5},"nm":"Transform"}],"nm":"Shape 1","np":3,"cix":2,"bm":0,"ix":1,"mn":"ADBE Vector Group","hd":false}],"ip":0,"op":60.0000024438501,"st":0,"bm":0},{"ddd":0,"ind":2,"ty":4,"nm":"Shape Layer 3","tt":1,"sr":1,"ks":{"o":{"a":0,"k":97,"ix":11},"r":{"a":0,"k":0,"ix":10},"p":{"a":0,"k":[473.849,290.537,0],"ix":2,"l":2},"a":{"a":0,"k":[-105.553,-30.469,0],"ix":1,"l":2},"s":{"a":0,"k":[102,102,100],"ix":6,"l":2}},"ao":0,"shapes":[{"ty":"gr","it":[{"ind":0,"ty":"sh","ix":1,"ks":{"a":0,"k":{"i":[[51.373,0],[0,-51.373],[-51.373,0],[0,51.373]],"o":[[-51.373,0],[0,51.373],[51.373,0],[0,-51.373]],"v":[[0,-93.019],[-93.019,0],[0,93.019],[93.019,0]],"c":true},"ix":2},"nm":"Path 1","mn":"ADBE Vector Shape - Group","hd":false},{"ty":"fl","c":{"a":0,"k":[1,1,1,1],"ix":4},"o":{"a":1,"k":[{"i":{"x":[0.667],"y":[1]},"o":{"x":[0.333],"y":[0]},"t":0,"s":[70]},{"t":30.0000012219251,"s":[30]}],"ix":5,"x":"var $bm_rt;\n$bm_rt = loopOut('pingpong');"},"r":1,"bm":0,"nm":"Fill 1","mn":"ADBE Vector Graphic - Fill","hd":false},{"ty":"tr","p":{"a":0,"k":[-109.748,-28.27],"ix":2},"a":{"a":0,"k":[0,0],"ix":1},"s":{"a":0,"k":[258.048,258.048],"ix":3},"r":{"a":0,"k":0,"ix":6},"o":{"a":0,"k":100,"ix":7},"sk":{"a":0,"k":0,"ix":4},"sa":{"a":0,"k":0,"ix":5},"nm":"Transform"}],"nm":"Ellipse 1","np":2,"cix":2,"bm":0,"ix":1,"mn":"ADBE Vector Group","hd":false}],"ip":0,"op":60.0000024438501,"st":0,"bm":0},{"ddd":0,"ind":3,"ty":4,"nm":"pointer","sr":1,"ks":{"o":{"a":0,"k":100,"ix":11},"r":{"a":0,"k":0,"ix":10},"p":{"a":0,"k":[471.75,289.75,0],"ix":2,"l":2},"a":{"a":0,"k":[471.304,289.736,0],"ix":1,"l":2},"s":{"a":0,"k":[94.875,94.875,100],"ix":6,"l":2}},"ao":0,"shapes":[{"ty":"gr","it":[{"ind":0,"ty":"sh","ix":1,"ks":{"a":0,"k":{"i":[[0,0],[0,0]],"o":[[0,0],[0,0]],"v":[[-83.361,-86.24],[83.361,86.24]],"c":false},"ix":2},"nm":"Path 1","mn":"ADBE Vector Shape - Group","hd":false},{"ty":"st","c":{"a":0,"k":[0.980392216701,0.980392216701,1,1],"ix":3},"o":{"a":0,"k":100,"ix":4},"w":{"a":0,"k":15,"ix":5},"lc":2,"lj":1,"ml":10,"bm":0,"nm":"Stroke 1","mn":"ADBE Vector Graphic - Stroke","hd":false},{"ty":"tr","p":{"a":0,"k":[470.596,289.939],"ix":2},"a":{"a":0,"k":[82.857,86.499],"ix":1},"s":{"a":0,"k":[104.831,104.015],"ix":3},"r":{"a":1,"k":[{"i":{"x":[0.833],"y":[0.833]},"o":{"x":[0.167],"y":[0.167]},"t":0,"s":[0]},{"t":30.0000012219251,"s":[360]}],"ix":6,"x":"var $bm_rt;\n$bm_rt = loopOut('cycle');"},"o":{"a":0,"k":100,"ix":7},"sk":{"a":0,"k":0,"ix":4},"sa":{"a":0,"k":0,"ix":5},"nm":"Transform"}],"nm":"指針","np":2,"cix":2,"bm":0,"ix":1,"mn":"ADBE Vector Group","hd":false}],"ip":0,"op":60.0000024438501,"st":0,"bm":0}]}],"layers":[{"ddd":0,"ind":1,"ty":0,"nm":"icon_frame","refId":"comp_0","sr":1,"ks":{"o":{"a":0,"k":100,"ix":11},"r":{"a":0,"k":0,"ix":10},"p":{"a":0,"k":[759.463,249.684,0],"ix":2,"l":2},"a":{"a":0,"k":[50,50,0],"ix":1,"l":2},"s":{"a":0,"k":[30,30,100],"ix":6,"l":2}},"ao":0,"w":100,"h":100,"ip":0,"op":60.0000024438501,"st":0,"bm":0},{"ddd":0,"ind":2,"ty":0,"nm":"icon_frame","refId":"comp_0","sr":1,"ks":{"o":{"a":0,"k":100,"ix":11},"r":{"a":0,"k":0,"ix":10},"p":{"a":0,"k":[134.566,211.201,0],"ix":2,"l":2},"a":{"a":0,"k":[50,50,0],"ix":1,"l":2},"s":{"a":0,"k":[30,30,100],"ix":6,"l":2}},"ao":0,"w":100,"h":100,"ip":0,"op":60.0000024438501,"st":0,"bm":0},{"ddd":0,"ind":3,"ty":0,"nm":"icon_question","refId":"comp_1","sr":1,"ks":{"o":{"a":0,"k":100,"ix":11},"r":{"a":0,"k":0,"ix":10},"p":{"a":0,"k":[179.867,516.714,0],"ix":2,"l":2},"a":{"a":0,"k":[50,50,0],"ix":1,"l":2},"s":{"a":0,"k":[50,50,100],"ix":6,"l":2}},"ao":0,"w":100,"h":100,"ip":0,"op":60.0000024438501,"st":0,"bm":0},{"ddd":0,"ind":4,"ty":0,"nm":"icon_question","refId":"comp_1","sr":1,"ks":{"o":{"a":0,"k":100,"ix":11},"r":{"a":0,"k":0,"ix":10},"p":{"a":0,"k":[900.973,306.888,0],"ix":2,"l":2},"a":{"a":0,"k":[50,50,0],"ix":1,"l":2},"s":{"a":0,"k":[50,50,100],"ix":6,"l":2}},"ao":0,"w":100,"h":100,"ip":0,"op":60.0000024438501,"st":0,"bm":0},{"ddd":0,"ind":5,"ty":0,"nm":"icon_cry","refId":"comp_2","sr":1,"ks":{"o":{"a":0,"k":100,"ix":11},"r":{"a":0,"k":0,"ix":10},"p":{"a":0,"k":[766,50,0],"ix":2,"l":2},"a":{"a":0,"k":[50,50,0],"ix":1,"l":2},"s":{"a":0,"k":[100,100,100],"ix":6,"l":2}},"ao":0,"w":100,"h":100,"ip":0,"op":60.0000024438501,"st":0,"bm":0},{"ddd":0,"ind":6,"ty":0,"nm":"icon_cry","refId":"comp_2","sr":1,"ks":{"o":{"a":0,"k":100,"ix":11},"r":{"a":0,"k":0,"ix":10},"p":{"a":0,"k":[812,466,0],"ix":2,"l":2},"a":{"a":0,"k":[50,50,0],"ix":1,"l":2},"s":{"a":0,"k":[30,30,100],"ix":6,"l":2}},"ao":0,"w":100,"h":100,"ip":0,"op":60.0000024438501,"st":0,"bm":0},{"ddd":0,"ind":7,"ty":0,"nm":"icon_cry","refId":"comp_2","sr":1,"ks":{"o":{"a":0,"k":100,"ix":11},"r":{"a":0,"k":0,"ix":10},"p":{"a":0,"k":[86,141,0],"ix":2,"l":2},"a":{"a":0,"k":[50,50,0],"ix":1,"l":2},"s":{"a":0,"k":[50,50,100],"ix":6,"l":2}},"ao":0,"w":100,"h":100,"ip":0,"op":60.0000024438501,"st":0,"bm":0},{"ddd":0,"ind":8,"ty":0,"nm":"icon_cry","refId":"comp_2","sr":1,"ks":{"o":{"a":0,"k":100,"ix":11},"r":{"a":0,"k":0,"ix":10},"p":{"a":0,"k":[100,468,0],"ix":2,"l":2},"a":{"a":0,"k":[50,50,0],"ix":1,"l":2},"s":{"a":0,"k":[70,70,100],"ix":6,"l":2}},"ao":0,"w":100,"h":100,"ip":0,"op":60.0000024438501,"st":0,"bm":0},{"ddd":0,"ind":9,"ty":0,"nm":"pointer","refId":"comp_3","sr":1,"ks":{"o":{"a":0,"k":100,"ix":11},"r":{"a":0,"k":0,"ix":10},"p":{"a":0,"k":[480,290,0],"ix":2,"l":2},"a":{"a":0,"k":[480,290,0],"ix":1,"l":2},"s":{"a":0,"k":[100,100,100],"ix":6,"l":2}},"ao":0,"w":960,"h":580,"ip":0,"op":60.0000024438501,"st":0,"bm":0},{"ddd":0,"ind":10,"ty":4,"nm":"Shape Layer 1","sr":1,"ks":{"o":{"a":0,"k":100,"ix":11},"r":{"a":0,"k":0,"ix":10},"p":{"a":0,"k":[480,290,0],"ix":2,"l":2},"a":{"a":0,"k":[0,0,0],"ix":1,"l":2},"s":{"a":0,"k":[100,100,100],"ix":6,"l":2}},"ao":0,"shapes":[{"ty":"gr","it":[{"ind":0,"ty":"sh","ix":1,"ks":{"a":0,"k":{"i":[[-9.25,-8.75],[0,-0.5],[-6.75,-5],[0,0],[-13.25,-4.75],[0,0],[-2.25,-12],[0,0],[0,0],[0,0],[0,0],[0,0],[0,0],[-1.25,-2.5],[0,0],[0,0],[6.5,-11.25],[2.75,-3.25],[0,0],[0,0],[0,0],[5.25,-4.25],[0,0],[0,0],[0.25,0],[4.25,-5.5],[25.21,0],[0,0],[0,0],[0,0],[-0.75,5.75],[-0.5,4.25],[3.25,2.25],[-0.25,3.5],[0,0],[18.5,-10.25],[0,0],[0,0],[1.5,1.25],[0,3.25],[0,0],[-14.75,6.25],[-18.75,0.75],[0,0]],"o":[[9.25,8.75],[0,0.5],[6.75,5],[0,0],[13.25,4.75],[0,0],[2.25,12],[0,0],[0,0],[0,0],[0,0],[0,0],[0,0],[1.25,2.5],[0,0],[0,0],[-6.5,11.25],[-2.75,3.25],[0,0],[0,0],[0,0],[-5.25,4.25],[0,0],[0,0],[-0.25,0],[-4.25,5.5],[0,0],[0,0],[0,0],[0,0],[0.75,-5.75],[0.5,-4.25],[-3.25,-2.25],[0.25,-3.5],[0,0],[-8.75,1.25],[0,0],[0,0],[-1.5,-1.25],[0,-3.25],[0,0],[3.5,-0.25],[18.75,-0.75],[0,0]],"v":[[-48.25,-63.25],[-47,-49.75],[-29.75,-42.25],[-16.5,-36.75],[-5.5,-45.25],[16.75,-40.25],[29.5,-33.25],[30.75,-21.25],[37.75,-5],[41.75,0.75],[41.75,9.25],[48.75,17],[48.75,21.25],[60.75,33],[64,43],[87.25,39.5],[81.75,59],[69.5,75.25],[49,104.75],[49.25,120.5],[52.75,145],[42.75,155.75],[32.5,167.25],[34.25,182],[25,189],[18,203.5],[-20.75,223.25],[-22.75,212.75],[-31.5,194.5],[-36,173.5],[-42.25,152.25],[-34.75,133.5],[-50.25,94],[-48.75,71.75],[-63.25,68.25],[-82.75,64.5],[-108,68.5],[-124.75,54.75],[-138.25,34.75],[-135.25,11],[-138,-1.5],[-116,-33],[-100,-54.75],[-82,-58.75]],"c":true},"ix":2},"nm":"Path 1","mn":"ADBE Vector Shape - Group","hd":false},{"ty":"st","c":{"a":0,"k":[1,1,1,1],"ix":3},"o":{"a":0,"k":100,"ix":4},"w":{"a":0,"k":5,"ix":5},"lc":1,"lj":1,"ml":4,"bm":0,"nm":"Stroke 1","mn":"ADBE Vector Graphic - Stroke","hd":false},{"ty":"tr","p":{"a":0,"k":[0,0],"ix":2},"a":{"a":0,"k":[0,0],"ix":1},"s":{"a":0,"k":[100,100],"ix":3},"r":{"a":0,"k":0,"ix":6},"o":{"a":0,"k":100,"ix":7},"sk":{"a":0,"k":0,"ix":4},"sa":{"a":0,"k":0,"ix":5},"nm":"Transform"}],"nm":"Shape 1","np":2,"cix":2,"bm":0,"ix":1,"mn":"ADBE Vector Group","hd":false},{"ty":"tm","s":{"a":1,"k":[{"i":{"x":[0.154],"y":[1]},"o":{"x":[0.726],"y":[0]},"t":0,"s":[0]},{"t":24.00000097754,"s":[100]}],"ix":1},"e":{"a":1,"k":[{"i":{"x":[0.154],"y":[1]},"o":{"x":[0.726],"y":[0]},"t":6,"s":[0]},{"t":30.0000012219251,"s":[100]}],"ix":2},"o":{"a":0,"k":0,"ix":3},"m":1,"ix":2,"nm":"Trim Paths 1","mn":"ADBE Vector Filter - Trim","hd":false}],"ip":0,"op":60.0000024438501,"st":0,"bm":0},{"ddd":0,"ind":11,"ty":4,"nm":"radar","sr":1,"ks":{"o":{"a":0,"k":100,"ix":11},"r":{"a":0,"k":0,"ix":10},"p":{"a":0,"k":[480,292,0],"ix":2,"l":2},"a":{"a":0,"k":[480,290,0],"ix":1,"l":2},"s":{"a":0,"k":[100,100,100],"ix":6,"l":2}},"ao":0,"shapes":[{"ty":"gr","it":[{"ty":"gr","it":[{"ind":0,"ty":"sh","ix":1,"ks":{"a":0,"k":{"i":[[0,138.1],[-138.1,0],[0,-138.1],[138.1,0]],"o":[[0,-138.1],[138.1,0],[0,138.1],[-138.1,0]],"v":[[-250.04,0],[0,-250.04],[250.04,0],[0,250.04]],"c":true},"ix":2},"nm":"Path 1","mn":"ADBE Vector Shape - Group","hd":false},{"ind":1,"ty":"sh","ix":2,"ks":{"a":0,"k":{"i":[[0,-146.9],[-146.9,0],[0,146.9],[146.9,0]],"o":[[0,146.9],[146.9,0],[0,-146.9],[-146.9,0]],"v":[[-266,0],[0,266],[266,0],[0,-266]],"c":true},"ix":2},"nm":"Path 2","mn":"ADBE Vector Shape - Group","hd":false},{"ty":"mm","mm":1,"nm":"Merge Paths 1","mn":"ADBE Vector Filter - Merge","hd":false},{"ty":"mm","mm":4,"nm":"Merge Paths 2","mn":"ADBE Vector Filter - Merge","hd":false},{"ty":"fl","c":{"a":0,"k":[0.788496732712,0.851291000843,0.909803926945,1],"ix":4},"o":{"a":0,"k":100,"ix":5},"r":1,"bm":0,"nm":"Fill 1","mn":"ADBE Vector Graphic - Fill","hd":false},{"ty":"tr","p":{"a":0,"k":[469,291.78],"ix":2},"a":{"a":0,"k":[0,0],"ix":1},"s":{"a":0,"k":[100,100],"ix":3},"r":{"a":0,"k":0,"ix":6},"o":{"a":0,"k":100,"ix":7},"sk":{"a":0,"k":0,"ix":4},"sa":{"a":0,"k":0,"ix":5},"nm":"Transform"}],"nm":"外圈","np":5,"cix":2,"bm":0,"ix":1,"mn":"ADBE Vector Group","hd":false},{"ty":"gr","it":[{"ty":"gr","it":[{"ind":0,"ty":"sh","ix":1,"ks":{"a":0,"k":{"i":[[0,5.8],[-5.8,0],[0,-5.8],[5.8,0]],"o":[[0,-5.8],[5.8,0],[0,5.8],[-5.8,0]],"v":[[-10.5,0],[0,-10.5],[10.5,0],[0,10.5]],"c":true},"ix":2},"nm":"Path 1","mn":"ADBE Vector Shape - Group","hd":false},{"ty":"mm","mm":4,"nm":"Merge Paths 1","mn":"ADBE Vector Filter - Merge","hd":false},{"ty":"fl","c":{"a":0,"k":[1,1,1,1],"ix":4},"o":{"a":0,"k":100,"ix":5},"r":1,"bm":0,"nm":"Fill 1","mn":"ADBE Vector Graphic - Fill","hd":false},{"ty":"tr","p":{"a":0,"k":[471.1,289.68],"ix":2},"a":{"a":0,"k":[0,0],"ix":1},"s":{"a":0,"k":[100,100],"ix":3},"r":{"a":0,"k":0,"ix":6},"o":{"a":0,"k":100,"ix":7},"sk":{"a":0,"k":0,"ix":4},"sa":{"a":0,"k":0,"ix":5},"nm":"Transform"}],"nm":"Group 1","np":3,"cix":2,"bm":0,"ix":1,"mn":"ADBE Vector Group","hd":false},{"ty":"gr","it":[{"ind":0,"ty":"sh","ix":1,"ks":{"a":0,"k":{"i":[[0,0],[0,0]],"o":[[0,0],[0,0]],"v":[[470.52,34.64],[470.52,548.92]],"c":false},"ix":2},"nm":"Path 1","mn":"ADBE Vector Shape - Group","hd":false},{"ty":"tr","p":{"a":0,"k":[0,0],"ix":2},"a":{"a":0,"k":[0,0],"ix":1},"s":{"a":0,"k":[100,100],"ix":3},"r":{"a":0,"k":0,"ix":6},"o":{"a":0,"k":100,"ix":7},"sk":{"a":0,"k":0,"ix":4},"sa":{"a":0,"k":0,"ix":5},"nm":"Transform"}],"nm":"Group 4","np":2,"cix":2,"bm":0,"ix":2,"mn":"ADBE Vector Group","hd":false},{"ty":"gr","it":[{"ind":0,"ty":"sh","ix":1,"ks":{"a":0,"k":{"i":[[0,0],[0,0]],"o":[[0,0],[0,0]],"v":[[211.62,290],[725.88,290]],"c":false},"ix":2},"nm":"Path 1","mn":"ADBE Vector Shape - Group","hd":false},{"ty":"tr","p":{"a":0,"k":[0,0],"ix":2},"a":{"a":0,"k":[0,0],"ix":1},"s":{"a":0,"k":[100,100],"ix":3},"r":{"a":0,"k":0,"ix":6},"o":{"a":0,"k":100,"ix":7},"sk":{"a":0,"k":0,"ix":4},"sa":{"a":0,"k":0,"ix":5},"nm":"Transform"}],"nm":"Group 5","np":2,"cix":2,"bm":0,"ix":3,"mn":"ADBE Vector Group","hd":false},{"ty":"gr","it":[{"ind":0,"ty":"sh","ix":1,"ks":{"a":0,"k":{"i":[[0,117.52],[-117.52,0],[0,-117.52],[117.52,0]],"o":[[0,-117.52],[117.52,0],[0,117.52],[-117.52,0]],"v":[[-212.8,0],[0,-212.8],[212.8,0],[0,212.8]],"c":true},"ix":2},"nm":"Path 1","mn":"ADBE Vector Shape - Group","hd":false},{"ty":"tr","p":{"a":0,"k":[470.52,291.78],"ix":2},"a":{"a":0,"k":[0,0],"ix":1},"s":{"a":0,"k":[100,100],"ix":3},"r":{"a":0,"k":0,"ix":6},"o":{"a":0,"k":100,"ix":7},"sk":{"a":0,"k":0,"ix":4},"sa":{"a":0,"k":0,"ix":5},"nm":"Transform"}],"nm":"Group 6","np":2,"cix":2,"bm":0,"ix":4,"mn":"ADBE Vector Group","hd":false},{"ty":"gr","it":[{"ind":0,"ty":"sh","ix":1,"ks":{"a":0,"k":{"i":[[0,88.14],[-88.14,0],[0,-88.14],[88.14,0]],"o":[[0,-88.14],[88.14,0],[0,88.14],[-88.14,0]],"v":[[-159.6,0],[0,-159.6],[159.6,0],[0,159.6]],"c":true},"ix":2},"nm":"Path 1","mn":"ADBE Vector Shape - Group","hd":false},{"ty":"tr","p":{"a":0,"k":[470.52,291.78],"ix":2},"a":{"a":0,"k":[0,0],"ix":1},"s":{"a":0,"k":[100,100],"ix":3},"r":{"a":0,"k":0,"ix":6},"o":{"a":0,"k":100,"ix":7},"sk":{"a":0,"k":0,"ix":4},"sa":{"a":0,"k":0,"ix":5},"nm":"Transform"}],"nm":"Group 7","np":2,"cix":2,"bm":0,"ix":5,"mn":"ADBE Vector Group","hd":false},{"ty":"gr","it":[{"ind":0,"ty":"sh","ix":1,"ks":{"a":0,"k":{"i":[[0,58.76],[-58.76,0],[0,-58.76],[58.76,0]],"o":[[0,-58.76],[58.76,0],[0,58.76],[-58.76,0]],"v":[[-106.4,0],[0,-106.4],[106.4,0],[0,106.4]],"c":true},"ix":2},"nm":"Path 1","mn":"ADBE Vector Shape - Group","hd":false},{"ty":"tr","p":{"a":0,"k":[470.52,291.78],"ix":2},"a":{"a":0,"k":[0,0],"ix":1},"s":{"a":0,"k":[100,100],"ix":3},"r":{"a":0,"k":0,"ix":6},"o":{"a":0,"k":100,"ix":7},"sk":{"a":0,"k":0,"ix":4},"sa":{"a":0,"k":0,"ix":5},"nm":"Transform"}],"nm":"Group 8","np":2,"cix":2,"bm":0,"ix":6,"mn":"ADBE Vector Group","hd":false},{"ty":"gr","it":[{"ind":0,"ty":"sh","ix":1,"ks":{"a":0,"k":{"i":[[0,29.38],[-29.38,0],[0,-29.38],[29.38,0]],"o":[[0,-29.38],[29.38,0],[0,29.38],[-29.38,0]],"v":[[-53.2,0],[0,-53.2],[53.2,0],[0,53.2]],"c":true},"ix":2},"nm":"Path 1","mn":"ADBE Vector Shape - Group","hd":false},{"ty":"tr","p":{"a":0,"k":[470.52,291.78],"ix":2},"a":{"a":0,"k":[0,0],"ix":1},"s":{"a":0,"k":[100,100],"ix":3},"r":{"a":0,"k":0,"ix":6},"o":{"a":0,"k":100,"ix":7},"sk":{"a":0,"k":0,"ix":4},"sa":{"a":0,"k":0,"ix":5},"nm":"Transform"}],"nm":"Group 9","np":2,"cix":2,"bm":0,"ix":7,"mn":"ADBE Vector Group","hd":false},{"ty":"st","c":{"a":0,"k":[0.776470601559,0.992110669613,1,1],"ix":3},"o":{"a":0,"k":100,"ix":4},"w":{"a":0,"k":3,"ix":5},"lc":1,"lj":1,"ml":4,"bm":2,"nm":"Stroke 1","mn":"ADBE Vector Graphic - Stroke","hd":false},{"ty":"tr","p":{"a":0,"k":[469,287.35],"ix":2},"a":{"a":0,"k":[469,287.35],"ix":1},"s":{"a":0,"k":[100,100],"ix":3},"r":{"a":0,"k":0,"ix":6},"o":{"a":0,"k":100,"ix":7},"sk":{"a":0,"k":0,"ix":4},"sa":{"a":0,"k":0,"ix":5},"nm":"Transform"}],"nm":"內圈","np":8,"cix":2,"bm":0,"ix":2,"mn":"ADBE Vector Group","hd":false},{"ty":"tr","p":{"a":0,"k":[469,291.78],"ix":2},"a":{"a":0,"k":[469,291.78],"ix":1},"s":{"a":0,"k":[100,100],"ix":3},"r":{"a":0,"k":0,"ix":6},"o":{"a":0,"k":100,"ix":7},"sk":{"a":0,"k":0,"ix":4},"sa":{"a":0,"k":0,"ix":5},"nm":"Transform"}],"nm":"Group 11","np":2,"cix":2,"bm":0,"ix":1,"mn":"ADBE Vector Group","hd":false},{"ty":"gr","it":[{"ind":0,"ty":"sh","ix":1,"ks":{"a":0,"k":{"i":[[0,140.72],[-140.72,0],[0,-140.72],[140.72,0]],"o":[[0,-140.72],[140.72,0],[0,140.72],[-140.72,0]],"v":[[-254.8,0],[0,-254.8],[254.8,0],[0,254.8]],"c":true},"ix":2},"nm":"Path 1","mn":"ADBE Vector Shape - Group","hd":false},{"ty":"mm","mm":4,"nm":"Merge Paths 1","mn":"ADBE Vector Filter - Merge","hd":false},{"ty":"fl","c":{"a":0,"k":[0,1,0.988235235214,1],"ix":4},"o":{"a":0,"k":50,"ix":5},"r":1,"bm":0,"nm":"Fill 1","mn":"ADBE Vector Graphic - Fill","hd":false},{"ty":"tr","p":{"a":0,"k":[469,291.78],"ix":2},"a":{"a":0,"k":[0,0],"ix":1},"s":{"a":0,"k":[100,100],"ix":3},"r":{"a":0,"k":0,"ix":6},"o":{"a":0,"k":100,"ix":7},"sk":{"a":0,"k":0,"ix":4},"sa":{"a":0,"k":0,"ix":5},"nm":"Transform"}],"nm":"Group 10","np":3,"cix":2,"bm":0,"ix":2,"mn":"ADBE Vector Group","hd":false}],"ip":0,"op":60.0000024438501,"st":0,"bm":0},{"ddd":0,"ind":12,"ty":4,"nm":"map","sr":1,"ks":{"o":{"a":0,"k":100,"ix":11},"r":{"a":0,"k":0,"ix":10},"p":{"a":0,"k":[480,290,0],"ix":2,"l":2},"a":{"a":0,"k":[480,290,0],"ix":1,"l":2},"s":{"a":0,"k":[100,100,100],"ix":6,"l":2}},"ao":0,"shapes":[{"ty":"gr","it":[{"ind":0,"ty":"sh","ix":1,"ks":{"a":0,"k":{"i":[[3.68,-5.52],[0.52,-13.34],[7.06,-1.92],[6.76,-12.94],[1.22,-2.92],[15.18,2.76],[-1.44,-2.32],[9.22,-1.74],[0.72,-8.68],[1.96,-2],[-4.5,-2.84],[0.72,-2.68],[0.62,-7.6],[-2.34,-3.26],[0.79,-3.95],[0,0],[1.48,2.02],[1.12,3.42],[-1.34,6.5],[3.48,-1.5],[4.82,-2.34],[0.6,3.92],[0.74,4],[4.32,15.44],[2.98,12.42],[0.84,1.48],[0,0],[5.44,3.76],[0.12,0.16],[5.96,7.84],[1.22,5.92],[-1.74,4.52],[4.32,20.44],[2.26,1.66],[2.26,-3.66],[3.38,2],[2.98,6.76],[7.58,7],[5.64,-0.84],[8.8,4.18],[5.2,4.82],[4.62,7],[1.84,2.84],[8.2,10.68],[6.16,4.92],[-4,-17.96],[1.34,4],[6.34,2.76],[4.52,11.28],[1.54,4.26],[0.02,0.22],[0.62,0.63],[-0.03,0.07],[0.64,0.68],[0.03,0],[0.92,0.68],[0.72,5.82],[-7.06,13.62],[4.3,8.02],[0.32,5.5],[-1.44,4.92],[0.22,0.08],[0.22,0.08],[0.2,0.16],[1.24,0.4],[11.38,1.16],[1.64,-0.08],[3.58,-0.92],[5.84,1.08],[5.41,0.49],[0,0],[-1.62,1.51],[2.17,0.07],[0,0],[-3.36,0],[-2.86,2.34],[-7.8,-1.58],[-11.88,-2.16],[-7.48,-0.34],[-6.96,-0.5],[-5.32,-1.6],[-5.86,0],[-1.02,3.34],[5.02,1.16],[-3.28,1.74],[-12.1,-0.92],[-5.22,0.16],[2.46,-4.5],[-0.13,-0.38],[-1.16,-2.39],[-0.4,-1.74],[11.7,0.9],[-4.5,-2.18],[-4,0.16],[-2.36,0.94],[-1.54,-0.08],[-0.3,-1.24],[-0.02,-0.14],[-0.09,-0.25],[-3.48,6.92],[0.94,0.48],[1.58,1.64],[-4.7,-0.34],[-1.22,-2.82],[-5.92,-1.18],[-1.22,-0.72],[4,-1.68],[2.46,-12.44],[-1.64,3.34],[1.32,2.58],[-3.12,1.5],[-2.86,0],[-10.06,-4.68],[-1.32,-2],[-3.26,-2.5],[-3.78,-4.84],[4,-0.08],[5.96,-0.6],[5.12,-3.08],[3.38,-1.9],[0.1,-0.08],[0.1,-0.16],[0.5,-0.58],[1.28,0.8],[2.32,2.6],[3.28,-0.26],[1.94,1.84],[-5.84,3],[-1.02,1.18],[2.56,2.6],[7.78,0],[3.96,-2.32],[1.6,0],[1.77,0.77],[-0.42,-8.68],[3.08,-1.1],[-0.5,-1.34],[3.08,-1.18],[6.54,3.92],[-0.92,1.76],[6.24,-3.08],[3.98,-3.76],[-0.62,-7.42],[-9.52,-2.76],[-2.88,-0.5],[-2.86,-4.86],[-1.64,5.92],[-5.82,12.62],[0,0],[-1.78,2.16],[-1.54,-0.34],[-5.52,-2.5],[-6.54,1.08],[-6.14,1],[-1.22,-7.92],[2.86,-10.94],[-1.96,-0.84],[0,0],[1.04,0.34],[-2.78,7.02],[4,-1.24],[3.76,-0.48],[-0.07,-0.98],[1.44,-2.34],[9.52,-5.28],[-2.26,-0.92],[1.34,-4.26],[-3.18,0.58],[4.92,-1.58],[4.3,-1],[-2.96,4.76],[4.08,-1.76],[0,0],[0.6,-6.84],[3.18,-3.34],[0,0],[0.2,-0.16],[5.12,-3.34],[4,-3.58],[-0.72,-20.12],[2.46,0.92],[10.54,3.1],[4.72,-1],[7.58,-5],[1,-5.16],[-0.4,-6.92],[-4.3,8.76],[-9.32,-1.5],[1.22,-3.84],[-1.12,-3.1],[-8.8,-5.34],[-6.76,-5.18],[-4.62,0.84],[-4.72,-0.74],[-0.26,0.4],[-0.9,2.06],[-7.28,4.36],[-0.72,0.52],[-0.8,-1.68],[-6.14,-1.76],[-1.46,-0.02],[-6.12,-2.2],[-0.82,-0.26],[0,-0.16],[0,0],[-0.82,-1.26],[0,0],[-9.22,-9.1],[-2.16,-4.82],[-0.42,-0.92],[-0.92,-2.18],[-5.84,-5.76],[-7.48,-1.32],[-8.82,-6.76],[-3.16,-2.18]],"o":[[-11.38,16.86],[-0.4,7.68],[-25.72,7.36],[-1.94,3.68],[-5.12,12.18],[1.44,2.6],[4.5,7.1],[-7.68,1.5],[-2.98,1.26],[2.68,5.02],[-0.82,2.76],[-1.74,6.5],[2.66,1.26],[-0.29,2.42],[0,0],[-0.58,-0.78],[-3.9,-5.08],[-0.62,-2],[0.3,-1.84],[-3.48,1.42],[-1.14,-3.18],[-1.24,-6.58],[-1.52,-9.28],[-2.84,-10.22],[-0.44,-1.74],[0,0],[-2.76,-4.66],[-0.3,-0.08],[-7.46,-5.34],[-2.76,-3.76],[-1.34,-5.42],[-9.12,-17.04],[-0.92,-3.76],[-4.32,1.92],[-3.48,-2],[-10.56,-10.36],[-6.36,-14.2],[-3.38,-2.92],[-8.5,1.18],[-7.48,-3.58],[-0.22,-7.52],[-2.26,-3.6],[-3.28,-5.42],[-5.42,-7.1],[-8.08,3.92],[-3.48,-0.5],[-2.04,-6.6],[0.3,-11.38],[-1.52,-4.16],[-0.32,-0.97],[-0.1,0.02],[-0.29,-0.9],[-0.08,-0.01],[-0.78,-0.89],[0,0],[-4.1,-2.94],[-2.04,-19.04],[5.44,-9.76],[1.02,-4],[-0.3,-6.42],[-0.2,-0.26],[-0.2,0],[-0.2,-0.08],[-1.12,-0.34],[0.52,-10.18],[-5.02,-0.52],[-0.92,0],[-6.36,1.74],[-2.2,-0.42],[0,0],[2.19,-0.48],[-1.81,-1.58],[0,0],[4.25,-1.23],[0.72,-6.08],[1.64,-1.34],[11.88,2.26],[7.28,0.74],[5.64,0.34],[4.82,0.34],[4.92,1.5],[0.92,-3.26],[-5.12,0.84],[0.2,-4.94],[11.16,-5.86],[4.5,0.34],[-1.74,3.44],[0.3,0.82],[-0.11,-0.47],[0.4,0.68],[-8.4,2.08],[1.44,2.08],[3.8,1.82],[1.34,-2.5],[0.92,-0.32],[0.2,1.24],[0,0.08],[0.07,-0.08],[6.46,-3.84],[-2.88,-0.6],[-0.84,-0.42],[3.28,-3.68],[-0.3,3.34],[3.68,-2.32],[1.14,0.84],[-3.06,2.94],[-1.74,18.1],[4.38,-0.34],[-1.64,-2.18],[1.02,-3.34],[2.12,-1.02],[32.58,0.24],[2.24,1.02],[2.06,3.16],[2.88,2.16],[-0.82,2.74],[-5.52,0.08],[0.1,5.66],[-4.52,2.76],[-0.12,0.1],[-0.2,0.16],[-0.62,0.68],[-4.32,-1.18],[-1.16,-0.74],[-1.84,-2.08],[-2.06,0.08],[4,-5.1],[1.02,-0.5],[-1.74,-4],[-5.74,-5.92],[-3.64,4.26],[-1.28,0.75],[-1.41,0],[1.74,7.2],[-2.98,-0.58],[-6.56,2.5],[0,0.08],[-3.38,1.24],[0.9,-1.68],[-5.3,1.68],[-7.08,3.58],[-0.12,6.26],[9.52,0.6],[1.86,0.5],[0,4.68],[6.66,4.76],[22.54,-4.8],[0,0],[0.88,-1.88],[1.74,0.08],[5.12,0.9],[-0.1,4.52],[5.04,-0.92],[2.78,6.6],[14.76,5.84],[1.84,0.92],[0,0],[-0.32,0],[2.36,-6.84],[-5.54,1.02],[-3.57,1.1],[0.1,0.29],[0.22,2.16],[-5.12,-2.42],[2.14,1],[-0.32,6.42],[-3.28,10.94],[-0.84,5.76],[-5.42,1.66],[0,-6.84],[-4.3,0.42],[0,0],[-5.26,2.18],[-4.5,1.44],[0,0],[-0.32,0.24],[1.12,8.6],[-4.3,2.84],[-12.8,11.7],[-2.66,-0.84],[-1.94,-13.36],[-11.38,-3.32],[-5.22,1.18],[-4.2,2.94],[-1.26,6.26],[0.72,18.8],[2.86,-5.82],[0.92,5.02],[-0.82,2.26],[6.66,2.74],[0.62,8.94],[5.22,3.94],[5.12,-0.9],[1.32,-1.64],[0.28,-0.4],[3.08,-7.08],[0.72,-0.4],[0.8,1.76],[5.34,-6.42],[2.64,0.72],[4.46,0.06],[0.72,0.34],[0.1,0],[0,0],[1,1.16],[0,0],[8.08,3.24],[3.9,3.78],[0.3,0.76],[0.82,2.26],[4.2,5.6],[3.38,3.34],[11.58,1.92],[3.38,2.5],[4.42,6.26]],"v":[[154.56,84.82],[146.56,112.26],[136.94,137.72],[119.42,163.1],[114.82,170.62],[98.1,184.14],[100.06,187.3],[96.06,201.5],[90.94,210.18],[84.68,212.18],[89.4,215.86],[87.24,223.96],[84.38,232.06],[91.24,236.32],[87.84,249.2],[70.63,249.2],[68.5,246.5],[65.02,235.66],[62.56,224.98],[62.24,215.88],[60.1,219.06],[57.44,207.28],[53.94,196.44],[52,170.72],[47.32,123.9],[45.54,118.96],[45.52,118.92],[30.56,108.32],[29.94,108],[9.44,73.86],[3.72,65.84],[6.18,56.82],[13.64,19.6],[7.82,8.92],[3.3,15.58],[-7.04,9.58],[-14.92,-0.02],[-34.9,-13.3],[-44.54,-19.98],[-57.14,-21.66],[-77.62,-34.24],[-79.78,-49.1],[-86.94,-58.46],[-93.62,-69.64],[-98.84,-82.32],[-90.22,-49.36],[-97.4,-56.7],[-103.64,-64.38],[-105.7,-77],[-107.84,-87.26],[-108.3,-88.94],[-109.28,-89.68],[-109.54,-90.93],[-110.5,-91.76],[-111.46,-92.84],[-112.26,-93.26],[-118,-105.7],[-106.84,-139.94],[-106.72,-156.3],[-104.68,-165.9],[-103.96,-174.32],[-104.68,-174.82],[-105.4,-175.16],[-106.22,-175.58],[-109.6,-176.74],[-118.92,-194.1],[-128.76,-196.7],[-137.96,-193.34],[-146.78,-192.86],[-159.38,-193.4],[-159.38,-206.53],[-153.56,-209.3],[-159.38,-210.88],[-159.38,-216.85],[-145.66,-216.98],[-145.26,-225.24],[-103.96,-233.42],[-68.32,-226.74],[-42,-230.74],[-34.52,-228.74],[-24.18,-228.24],[-15.76,-226.32],[-12.9,-236.26],[-26.12,-234.66],[-16.48,-243.34],[14.46,-238.68],[27.46,-241.78],[22.14,-234.58],[22.77,-232.81],[23.88,-231.08],[25,-228.66],[10.14,-226.48],[13.42,-223.4],[26.64,-222.74],[31.16,-228.34],[34.74,-228.66],[35.54,-224.92],[35.7,-224.17],[35.96,-223.4],[40.46,-234.24],[35.48,-235.4],[32.38,-238.18],[46.72,-242.76],[46.1,-236.68],[58.28,-244.1],[61.98,-241.78],[50.3,-237],[53.48,-221.64],[63.82,-228.58],[58.5,-233.34],[64.84,-240.7],[72.32,-242.26],[99.48,-235.84],[107.04,-232.32],[110.42,-223.64],[117.5,-218.88],[110.74,-213.22],[102.54,-216.38],[103.06,-205.46],[98.04,-204.54],[97.52,-204.2],[97.02,-203.62],[95.38,-201.78],[88.16,-204.06],[83.8,-208.54],[78.38,-210.88],[71.72,-211.72],[83.5,-214.9],[92,-221.66],[89.24,-224.92],[74.08,-229.34],[63.74,-217.48],[59.46,-216.3],[54.72,-217.4],[61.38,-207.04],[53.8,-208.04],[53.58,-204.46],[53.58,-202.86],[46.54,-207.46],[49.28,-212.64],[31.06,-205.2],[13.34,-193.76],[14.98,-184.26],[30.96,-177.98],[38.04,-176.5],[36.8,-163.46],[45.32,-173.9],[62.82,-198.04],[62.82,-198.06],[66.72,-204.12],[77.08,-202.94],[84.96,-198.28],[89.16,-189.02],[99.2,-194.94],[102.48,-177.58],[107.82,-156.04],[113.56,-153.44],[113.26,-144.1],[96.44,-147.86],[105.88,-161.8],[96.76,-157.8],[86.66,-156.97],[86.92,-155.12],[86.72,-152.7],[73.82,-155.54],[80.38,-152.7],[78.22,-146.86],[90.32,-143.26],[81.08,-135.92],[69.72,-131],[71.66,-136.84],[60.1,-132.66],[59.68,-132.5],[53.02,-123.16],[40.12,-116.8],[30.7,-107.62],[29.98,-106.96],[24.86,-94.86],[15.12,-88.52],[9.18,-62.14],[1.5,-64.82],[-8.32,-76.84],[-22.88,-73.5],[-38.24,-73.34],[-47.44,-63.32],[-51.04,-45.54],[-29.22,-34.44],[-17.74,-41.94],[-19.48,-29.42],[-21.44,-19.98],[-5.76,-17.06],[-3,7.06],[7.14,6.64],[16.06,9.74],[18.02,7.36],[19.34,4.4],[30.5,-3.7],[32.56,-5.04],[35.1,0.06],[47.2,1.66],[53.18,2.68],[64.2,2.74],[66.66,3.58],[67.08,3.9],[67.6,4.34],[69.54,7.92],[82.04,20.12],[99.34,26.36],[103.66,34.88],[104.98,37.32],[107.64,43.92],[123.42,51.76],[131.72,55.42],[147.6,63.02],[154.96,66.28]],"c":true},"ix":2},"nm":"Path 1","mn":"ADBE Vector Shape - Group","hd":false},{"ty":"tr","p":{"a":0,"k":[159.38,330.8],"ix":2},"a":{"a":0,"k":[0,0],"ix":1},"s":{"a":0,"k":[100,100],"ix":3},"r":{"a":0,"k":0,"ix":6},"o":{"a":0,"k":100,"ix":7},"sk":{"a":0,"k":0,"ix":4},"sa":{"a":0,"k":0,"ix":5},"nm":"Transform"}],"nm":"Group 1","np":4,"cix":2,"bm":0,"ix":1,"mn":"ADBE Vector Group","hd":false},{"ty":"gr","it":[{"ind":0,"ty":"sh","ix":1,"ks":{"a":0,"k":{"i":[[3.16,5.78],[5.22,1.5],[7.98,6.18],[6.86,8.44],[1.02,6.08],[1.54,3.1],[-1.12,3.76],[0,0],[3.42,0.36],[20.1,6.68],[4,-13.6],[4.1,1.4],[0.6,0.18],[0,0],[0,0],[3.38,3.24],[5.12,2.76],[4.7,5.34],[3.5,-0.74],[9.72,1.34],[1.34,3.16],[0,0],[0,0],[0,0],[0,0],[0.55,-1.66],[3.08,-3.68],[1.84,-4.92],[5.52,-12.34],[-2.16,-19.2],[-7.04,-9.02],[-1.54,-2.84],[-7.8,-6.28],[-13.94,1.92],[-5.52,2.58],[-4.52,-14.18],[2.86,-15.6],[-6.96,-8.24],[-1.54,-9.68],[-0.2,-2.34],[-8.08,-15.54],[-3.68,-11.84],[-1.02,-1.82],[0,0],[0,0],[-1.06,-4.82],[-4.5,-3.92],[-8.92,8.36],[-1.94,2.58],[-1.96,3.08],[-1.84,4.84],[-1,3.24],[-2.26,3.16],[-7.48,8.26],[-1.74,2.5],[-4.4,9.44],[-4.2,6.92],[-5.76,16.78]],"o":[[-2.68,-2.08],[-3.4,-8.26],[-10.66,-8.26],[-3.28,-4.08],[-0.72,-4.42],[-1.52,-3.08],[0,0],[-2.96,0.06],[-8.5,-0.92],[-19.24,-6.26],[-4.4,-0.34],[-1.52,-0.6],[0,0],[0,0],[-1.64,-0.58],[-2.96,-2.84],[0,-4.5],[-1.54,-0.42],[-7.06,1.52],[-5.32,-0.76],[0,0],[0,0],[0,0],[0,0],[0.12,1.07],[-1.76,5.76],[-3.48,4.5],[-2.16,5.5],[-10.58,23.2],[1.22,10.34],[2.16,2.84],[4.62,7.84],[18.64,15.02],[6.26,-0.92],[8.8,-4.18],[9.22,0.42],[-2.26,13.6],[6.36,7.6],[0.2,1.86],[0.54,8.76],[6.46,12.02],[0.52,1.66],[0,0],[0,0],[2.12,3.74],[1.14,5.52],[1.62,1.18],[1.84,-1.68],[2.26,-2.84],[2.66,-3.92],[1.74,-4],[2.78,-2.26],[2.86,-13.78],[7.08,-7.6],[8,-10.94],[3.9,-8.34],[7.7,-12.86],[1.72,-5]],"v":[[113.84,-41.54],[90.38,-38.02],[81.04,-54.3],[70.7,-69.5],[67.62,-78.92],[62.9,-87.78],[56.36,-107.3],[53.72,-120.94],[47.44,-122.18],[27.88,-123.66],[8.72,-117.74],[0.44,-120.32],[-2.58,-121.42],[-2.58,-121.46],[-2.78,-121.52],[-6.16,-124.84],[-21.52,-131.12],[-22.34,-144.72],[-49.2,-143.48],[-67.22,-137.2],[-72.04,-140.62],[-71.92,-140.76],[-71.88,-140.8],[-74.48,-140.7],[-74.48,-140.66],[-75.1,-136.62],[-84.34,-127.94],[-88.42,-115],[-104.5,-97.06],[-109.84,-71.34],[-109.96,-42.88],[-101.56,-33.44],[-94.38,-22.5],[-72.78,-15.5],[-58.94,-15.66],[-36.8,-12.58],[-23.9,-0.56],[-20.12,18.38],[-11.3,44.34],[-10.08,49.96],[-14.06,82.34],[-5.26,115.22],[-2.8,120.48],[-2.64,120.78],[-2.64,120.9],[3.08,133.52],[5.66,143.96],[35.36,136.54],[40.16,131.52],[44.18,124.34],[48.98,118.16],[50.92,108.32],[58.72,102.72],[61.38,82.1],[75.82,70.5],[74.9,23.98],[84.94,7.8],[108.42,-21.58]],"c":true},"ix":2},"nm":"Path 1","mn":"ADBE Vector Shape - Group","hd":false},{"ind":1,"ty":"sh","ix":2,"ks":{"a":0,"k":{"i":[[4.4,6.34],[3.38,-3],[1.44,-6.34],[5.42,-10.34],[-2.96,-2.82],[-2.04,6.92],[-1.62,4.6]],"o":[[-4.5,2.34],[-3.68,3.42],[-1.86,7.94],[-1.94,3.84],[8.92,8.76],[1.54,-4.94],[1.64,-4.92]],"v":[[106.76,55.64],[98.26,66.32],[88.22,74.5],[85.86,90.36],[86.78,106.64],[102.56,86.36],[107.16,71.24]],"c":true},"ix":2},"nm":"Path 2","mn":"ADBE Vector Shape - Group","hd":false},{"ty":"mm","mm":1,"nm":"Merge Paths 1","mn":"ADBE Vector Filter - Merge","hd":false},{"ty":"tr","p":{"a":0,"k":[453.68,370.48],"ix":2},"a":{"a":0,"k":[0,0],"ix":1},"s":{"a":0,"k":[100,100],"ix":3},"r":{"a":0,"k":0,"ix":6},"o":{"a":0,"k":100,"ix":7},"sk":{"a":0,"k":0,"ix":4},"sa":{"a":0,"k":0,"ix":5},"nm":"Transform"}],"nm":"Group 2","np":6,"cix":2,"bm":0,"ix":2,"mn":"ADBE Vector Group","hd":false},{"ty":"gr","it":[{"ind":0,"ty":"sh","ix":1,"ks":{"a":0,"k":{"i":[[2.24,2.34],[-0.62,4.08],[1.12,1.4],[16.72,8.02],[1,0.16],[5.22,-0.76],[6.04,-0.68],[0,0],[-8.6,-6.84],[1.32,-5.34],[-3.37,-0.66],[-9.84,12.52],[-19.26,-2]],"o":[[1.42,-3.52],[-1.22,-0.76],[-7.68,-9.12],[-2.04,-1],[-6.36,-1.18],[-3.38,-4.24],[-7.78,0.84],[3.18,3.52],[8.5,6.92],[4.5,1.41],[7.58,1.42],[13.32,-0.08],[-0.1,-4.5]],"v":[[60.96,-48.42],[63,-54.08],[58.8,-57.08],[44.86,-67.12],[34.22,-71.78],[23.04,-66.36],[15.88,-77.44],[16.08,-64.28],[28.48,-58],[28.8,-44.9],[35.24,-44.74],[50.3,-46.92],[69.36,-35.32]],"c":true},"ix":2},"nm":"Path 1","mn":"ADBE Vector Shape - Group","hd":false},{"ind":1,"ty":"sh","ix":2,"ks":{"a":0,"k":{"i":[[3.88,8.18],[1.94,5.42],[0.84,21.7],[4.72,4.18],[1.22,4.26],[2.48,-4.84],[10.56,10.18],[1.44,2.68],[0,0],[-0.42,0.84],[-1.34,2.7],[-0.3,3.08],[3.78,4.58],[3.58,-2],[2.96,-2.5],[4.5,-2.84],[5.94,-4.84],[2.68,-3.34],[2.86,-2],[26.44,-7.6],[1.44,-1.68],[1.12,-4.32],[0.72,-11.36],[1.84,-7.42],[-5.84,1.82],[-3.38,0.92],[-3.08,1.66],[-0.92,0],[-1.54,-7.94],[-3.9,2.58],[0,-6.58],[-4.3,-0.08],[-4.62,1.58],[-17.3,18.96],[-4,6.52]],"o":[[-2.06,-5.34],[-3.68,-7.76],[-0.4,-8.02],[0.2,-5.92],[-4,1.92],[-4.78,9.1],[-2.66,-2.6],[0,0],[0.72,-1.9],[1.64,-2.34],[1.54,-2.82],[-5.12,-0.08],[-3.18,1.08],[-2.98,1.6],[-3.3,2.66],[-3.9,-1.68],[-3.88,3.16],[-3.26,4.08],[-7.58,5.26],[-2.16,0.64],[-3.2,4],[-2.06,7.44],[-0.7,13.92],[4.9,7.52],[3.48,-1.02],[2.76,-0.66],[0.72,-0.34],[8.42,-0.16],[4.2,-0.68],[2.66,4.58],[3.78,2.86],[4.42,0.16],[11.98,-4.02],[4.82,-5.18],[3.98,-6.34]],"v":[[60.02,19.76],[53.96,3.66],[48.54,-14.7],[44.96,-22.04],[43.84,-34.06],[40.14,-30.32],[25.3,-10.6],[17.82,-18.28],[17.84,-18.28],[19.18,-20.68],[21.12,-23.54],[22.96,-30.04],[12,-32.86],[7.6,-29.78],[2.38,-27.44],[-4.6,-18.76],[-15.88,-19.84],[-19.88,-14.68],[-25.92,-10.84],[-48.04,4.78],[-59.42,12.04],[-63.52,26.2],[-64.36,44.42],[-69.36,60.02],[-54.52,58.94],[-44.18,58.26],[-37,53.6],[-18.68,48.92],[-7.8,61.36],[-1.76,57.94],[0.28,74.28],[15.54,77.96],[22.84,74.96],[41.98,58.26],[53.36,45.56]],"c":true},"ix":2},"nm":"Path 2","mn":"ADBE Vector Shape - Group","hd":false},{"ty":"mm","mm":1,"nm":"Merge Paths 1","mn":"ADBE Vector Filter - Merge","hd":false},{"ty":"tr","p":{"a":0,"k":[822.76,453.98],"ix":2},"a":{"a":0,"k":[0,0],"ix":1},"s":{"a":0,"k":[100,100],"ix":3},"r":{"a":0,"k":0,"ix":6},"o":{"a":0,"k":100,"ix":7},"sk":{"a":0,"k":0,"ix":4},"sa":{"a":0,"k":0,"ix":5},"nm":"Transform"}],"nm":"Group 3","np":6,"cix":2,"bm":0,"ix":3,"mn":"ADBE Vector Group","hd":false},{"ty":"gr","it":[{"ind":0,"ty":"sh","ix":1,"ks":{"a":0,"k":{"i":[[0.92,-8.18],[5.02,3.68],[-0.52,4.86],[0.73,10.19],[-2.04,0.82],[-1.94,-3.86],[0,0],[2.2,-1.46],[2.36,-1.92],[-4.82,-1.58],[1.84,-2.5],[0.4,-0.66]],"o":[[-6.56,1.82],[-0.12,-6.76],[-4.22,-4.66],[1.12,-0.92],[4.72,-1.92],[-0.94,1.78],[-0.02,0],[-1.74,1.16],[0.62,6.58],[-0.92,4.26],[-0.22,0.16],[2.46,5.6]],"v":[[-66,-10.71],[-81.26,-14.81],[-79.72,-25.17],[-90.6,-43.93],[-82,-49.59],[-73.18,-46.99],[-74.18,-44.87],[-76.36,-44.09],[-79.74,-42.17],[-66.52,-28.99],[-68.36,-25.73],[-70.1,-24.07]],"c":true},"ix":2},"nm":"Path 1","mn":"ADBE Vector Shape - Group","hd":false},{"ind":1,"ty":"sh","ix":2,"ks":{"a":0,"k":{"i":[[7.08,1.68],[3.4,-1.16],[4.82,-1],[-0.12,4],[-0.12,0.26],[-2.06,6.18],[-2.46,2.68],[-3.16,-4.5],[0,0],[-1.34,1.16],[0.06,0.1],[0.14,2.28],[-4.6,2.08],[-2.04,-0.08],[0.3,-6.66],[-0.4,-7.26]],"o":[[-2.98,-0.74],[-3.58,1.16],[-0.62,-3.68],[0,-0.24],[-0.22,-6.68],[1.34,-4.08],[6.14,0.16],[0,0],[1.64,-0.18],[1.7,-1.6],[-0.1,-0.16],[0,-0.74],[1.94,-0.84],[0.42,6.44],[5.94,3.18],[-7.98,5.68]],"v":[[-127.68,-30.75],[-144.38,-27.15],[-149.08,-25.07],[-148.66,-27.99],[-148.66,-28.83],[-148.26,-37.43],[-141.6,-48.19],[-132.5,-41.27],[-132.5,-41.25],[-127.36,-42.59],[-125.2,-44.75],[-127.28,-46.27],[-125.22,-49.69],[-120,-50.11],[-121.62,-42.27],[-106.68,-29.07]],"c":true},"ix":2},"nm":"Path 2","mn":"ADBE Vector Shape - Group","hd":false},{"ind":2,"ty":"sh","ix":3,"ks":{"a":0,"k":{"i":[[7.5,1.08],[12.08,-0.74],[5.1,1.76],[2.36,-0.34],[6.14,1.5],[5.72,0],[4.42,2.5],[7.88,1.74],[3.9,1.42],[4.5,-2.26],[6.16,-0.58],[2.16,-0.18],[6.04,2],[14.94,0],[0,0],[0,0],[4.42,0],[17.74,0.68],[10.04,-3.66],[6.46,-0.08],[6.04,-2.26],[2.96,-0.76],[4.2,-2.42],[3.08,-0.74],[2.04,-1.16],[6.88,-1.42],[-4.38,-5.5],[6.14,-1.06],[1.64,-3.08],[4.52,-0.5],[3.88,-0.42],[4.5,-0.6],[6.46,0.68],[-1.02,-4.44],[1.84,-6.42],[1.84,0.42],[0.94,-3.02],[1.24,6.34],[-4.62,4.92],[6.34,2.68],[11.26,-3.84],[2.36,-1.08],[0,0],[0,0],[0,0],[6.74,-0.26],[6.16,-6.28],[5.12,-1.76],[1.62,-4],[-4.38,-1.68],[-5.62,0.92],[-0.62,-5.18],[1.12,-0.66],[3.58,4.76],[1.74,-0.68],[11.38,-2.02],[5.82,-3.84],[4.22,-0.84],[4,-0.9],[3.88,-2.68],[-2.58,-3.92],[2.14,-4.08],[2.04,-9.58],[0.92,-3.86],[-2.14,-7.42],[-0.42,-3.42],[0,0],[0,0],[-2.88,1.04],[-1.12,0.18],[-9.84,7.74],[-4.5,8.1],[-4.7,2.34],[-5.54,0.18],[-8.02,-3.86],[-2.06,-2.76],[-1.42,-3.68],[-0.42,0.18],[0,0],[0,0],[-6.96,6.22],[1.28,0.74],[0,0],[0,0],[6.96,8.84],[-0.12,3.84],[-4.5,-4.1],[-0.72,-0.5],[0,0],[0,0],[-2.1,-1.88],[-5.24,-7.78],[-3.06,-2.34],[-3.48,3.5],[-0.52,0.82],[1.64,2.92],[-1.54,-5.7],[-5.14,0.76],[-4.72,-1.26],[-3.18,0.84],[1.12,-2.32],[0.68,-0.02],[0,0],[-2.34,-4.76],[-1.14,-2.5],[-2.46,-3.76],[-5.1,-16.78],[-1.76,-4.84],[-7.68,2.84],[-4.1,3.5],[-3.08,2],[1.56,5.26],[4.72,2.42],[4.1,3.92],[7.68,0.5],[0.1,0.08],[2.14,2.4],[-0.3,6.86],[-5.42,-4.66],[-8.5,0.42],[-8.1,-0.76],[-2.78,-0.92],[-3.48,-3.36],[-2.98,-2.18],[-4.4,0.66],[-0.92,-4.08],[-2.24,-6.68],[-1.32,-0.26],[-0.72,3.24],[-0.82,7.42],[-6.14,5.26],[-2.94,4.24],[0,0],[0,0],[-6.26,2.1],[-2.66,-12.04],[-0.2,-1.16],[-4.6,1],[-1.02,-4.18],[-0.2,-6.84],[-1.94,-3.84],[-12.7,-4.84],[0.4,1.66],[3.08,3.08],[0.4,2],[-1.44,3.9],[-0.32,0.66],[-3.88,-4.86],[-3.9,-2.6],[-4.32,3.76],[2.46,12.02],[-6.26,-2.26],[-0.72,-8.1],[0.2,5.02],[-6.66,18.1],[0.12,3.92],[1.12,3.84],[0.12,0.26],[3.28,5.58],[-2.26,4.68],[2.98,0.32],[3.08,1.66],[-3.58,0.5],[-2.16,-3.26],[-5.12,-5.36],[-4.1,-16.86],[-2.86,1.5],[4.92,4.76],[-1.54,1],[-3.7,16.36],[-0.94,8.02],[-4.72,-3.68],[-0.82,1.94],[4.4,5],[7.28,1.84],[3.1,0.1],[6.36,3.92],[-2.14,2.68],[-0.6,-0.18],[-4,2.16],[-2.06,8.18],[-7.28,-0.34],[-2.66,0.18],[-4.3,-7.34],[-5.12,-0.5],[-0.1,2.66],[-1.02,9.68],[-5.64,0],[-5.72,1.42],[-0.3,0.08],[0.3,7.12],[-7.8,1]],"o":[[-10.86,-1.58],[-6.88,0.34],[-2.16,-0.74],[-7.26,1.16],[-5.22,-1.34],[-6.96,-0.1],[-6.96,-3.84],[-6.14,-1.44],[-3.9,-1.4],[-2.16,1.08],[-2.12,0.26],[-7.06,0.34],[-7.58,-2.5],[0,0],[0,0],[-6.24,0.06],[-27.74,0],[-7.58,-0.28],[-7.38,2.82],[-6.04,2.34],[-2.68,2.24],[-7.56,2.16],[-6.64,4.02],[-1.12,0.34],[-2.96,-5.26],[-5.4,9.18],[-5.94,-0.84],[-4,0.76],[-4.5,-1.92],[-5.54,0.58],[-6.26,0.68],[-3.16,-5.26],[-2.36,3.52],[-6.24,0.74],[-1.86,-0.34],[-1.52,1.92],[-5.64,-1.76],[6.66,-0.42],[-1.44,-8.18],[-8.2,-3.42],[-3.08,1.1],[0,0],[0,0],[0,0],[-4,2.1],[-2.98,8.1],[-4.72,4.74],[-3.18,1.02],[-0.2,5.34],[4.52,1.76],[1.54,6.42],[-1.24,0.66],[-4.3,-3.16],[-1.64,0.74],[-1.24,10.76],[-7.08,1.16],[-4.1,2.66],[-4.7,0.92],[-3.38,0.76],[1.74,3.74],[2.46,3.92],[-4.62,3.94],[-0.84,3.84],[-1.64,6.84],[3.9,0.14],[0,0],[0,0],[1.46,-1.54],[1.1,-0.42],[15.78,-2.4],[8.2,-6.7],[5.54,-0.5],[3.88,-2],[4.9,5.02],[3.16,1.5],[3.7,5.34],[0.32,-0.18],[0,0],[0,0],[4.22,-2.08],[-2.02,-1.5],[0,0],[0,0],[-5.42,-3.26],[-1.84,-2.5],[5,-0.92],[0.6,0.58],[0,0],[0,0],[2.84,1.82],[2.68,7.44],[2.96,4.16],[5.64,-0.76],[0.62,-0.66],[-1.86,-2.84],[6.36,-8.6],[4,15.76],[5.22,-0.76],[4.5,1.16],[10.76,-2.66],[-1.1,0.16],[0,0],[5.42,-0.76],[1.54,3.08],[1.64,3.34],[5.24,8.68],[1.74,4.92],[8.08,-0.52],[7.18,-2.68],[2.74,-2.34],[4,-2.6],[-3.06,-3.92],[-5.94,-3.1],[-4.2,3.16],[-0.1,-0.42],[-1.12,-3.26],[-2.98,-3.18],[7.88,-4.24],[8.3,7.26],[4.82,6.58],[4.5,0.5],[3.58,3.32],[1.64,3.24],[4.2,3],[0.92,2.74],[1.62,7.68],[1.34,3.92],[4.2,0.66],[1.84,-8.86],[6.86,-4.26],[5.16,-4.42],[0,0],[0,0],[7.38,-1.24],[3.9,11.52],[0.1,1],[1.02,6.52],[1.02,4.26],[1.54,7.08],[2.56,3.76],[4.6,8.5],[0,-0.74],[-1.02,-4.86],[-1.74,-1.6],[-0.92,-3.92],[0.3,-0.68],[4.28,4],[3.7,4.74],[4.2,-3.66],[3.68,-18.36],[2.78,-6.84],[0.82,7.74],[9.64,1.84],[13.2,-6.66],[1.32,-3.92],[-0.2,-5.36],[-0.1,-0.34],[-1.94,-7.42],[1.84,-4.78],[-4,-2.66],[-1.54,-0.26],[1.14,-3.76],[1.14,3.58],[14.24,-5.94],[4.92,5.08],[3.9,1.1],[0.32,-9.86],[0.4,-1.84],[6.66,-1.82],[4.28,-18.78],[5.82,2.26],[0.72,-1.84],[-4.4,-4.92],[-5.82,-2.42],[-2.44,-0.58],[-2.24,-0.06],[0.92,-2.58],[0.94,-0.4],[2.98,0.5],[3.88,-2.18],[8.9,-3.42],[2.76,-2.92],[7.38,-0.42],[2.34,4.02],[0.42,-3.76],[1.42,-14.44],[5.94,-3.18],[4.1,-5.6],[0.2,-0.1],[-3.8,-5.76],[7.26,-4.5],[0.52,-9.44]],"v":[[252.14,-126.43],[221.84,-133.19],[210.98,-135.79],[205.12,-136.53],[195.7,-135.11],[179.32,-135.03],[169.88,-138.37],[146.32,-140.45],[136.9,-144.15],[112.52,-143.71],[107.38,-141.71],[100.94,-141.95],[91.92,-140.37],[74.52,-148.39],[74.54,-148.35],[73.52,-148.35],[63.16,-146.53],[23.98,-157.51],[3.48,-158.03],[-7.08,-157.11],[-25.1,-150.17],[-30.74,-148.43],[-35.66,-145.43],[-46.42,-143.35],[-50.2,-140.67],[-60.66,-145.51],[-57.48,-131.91],[-74.88,-135.51],[-78.88,-131.75],[-87.7,-131.51],[-96.9,-132.01],[-112.08,-125.65],[-116.48,-131.01],[-116.68,-124.31],[-126.92,-118.07],[-132.46,-119.15],[-133.58,-115.39],[-140.96,-123.49],[-125.28,-125.23],[-152.22,-136.17],[-176.3,-137.67],[-184.8,-135.25],[-185.16,-135.09],[-185.22,-135.07],[-185.38,-135.01],[-192.94,-132.41],[-197.56,-124.39],[-206.68,-114.39],[-219.68,-107.21],[-215.3,-93.77],[-203.1,-97.77],[-198.58,-87.17],[-202.28,-85.17],[-205.66,-91.17],[-210.68,-88.99],[-215.9,-76.55],[-226.04,-68.13],[-237.02,-60.71],[-245.2,-57.71],[-249.6,-56.61],[-241.92,-49.43],[-241.92,-37.43],[-264.66,-33.43],[-265.58,-23.89],[-265.08,-11.47],[-257.08,-7.35],[-254.52,-7.45],[-254.46,-7.45],[-251.64,-9.21],[-249,-9.63],[-231.48,-27.89],[-225.24,-35.93],[-215.7,-36.01],[-207.5,-39.93],[-195.62,-28.07],[-188.46,-22.99],[-186.52,-15.71],[-185.38,-16.23],[-185.22,-16.31],[-185.18,-16.33],[-180.4,-25.31],[-185.18,-28.59],[-185.18,-28.63],[-185.38,-28.75],[-195.62,-37.85],[-197.86,-44.35],[-187.42,-37.51],[-185.38,-35.93],[-185.22,-35.81],[-185.22,-35.75],[-176.82,-30.65],[-172.3,-19.03],[-166.88,-9.53],[-162.68,-12.11],[-159.8,-15.69],[-164.42,-21.71],[-153.76,-19.69],[-138.48,-9.27],[-133.06,-7.85],[-127.54,-8.69],[-126.2,12.17],[-128.84,12.41],[-126.2,26.05],[-115.66,37.47],[-111.24,44.15],[-108.18,53.67],[-98.04,72.61],[-92.8,87.31],[-69.44,77.95],[-62.78,72.27],[-55.32,69.09],[-40.78,46.97],[-47.64,42.05],[-53.68,34.37],[-67.4,40.79],[-68.12,37.21],[-74.06,29.87],[-80.02,18.33],[-67.72,26.27],[-51.64,29.87],[-38,36.71],[-20.08,36.55],[-9.44,46.57],[-6.16,53.33],[2.24,52.83],[4.7,67.51],[11.14,86.79],[19.44,105.15],[27.96,93.81],[29.18,75.85],[46.18,59.15],[51.2,52.27],[51.18,51.83],[51.26,51.69],[65.1,48.19],[75.44,68.49],[75.96,71.73],[85.68,70.57],[89.68,85.09],[89.48,104.61],[94.5,111.31],[108.02,133.41],[106.08,118.57],[98.8,109.97],[93.38,99.03],[95.72,86.77],[96.66,84.75],[109.44,97.03],[112.82,102.45],[125.64,91.35],[112.92,60.05],[125.52,52.39],[122.96,64.07],[128.2,52.79],[157.8,30.51],[160.86,20.49],[158.72,14.23],[158.4,13.31],[147.56,-3.71],[153.3,-12.15],[144.9,-12.89],[137.82,-16.99],[147.44,-26.09],[149.4,-19.57],[162.3,-15.15],[169.98,-1.65],[178.58,-3.47],[167.94,-20.59],[173.98,-34.45],[187.1,-46.47],[184.54,-69.59],[195.8,-55.89],[198.06,-61.49],[184.84,-76.35],[178.8,-76.35],[172.24,-78.95],[159.24,-82.01],[166.2,-97.55],[187.1,-98.87],[197.16,-97.37],[198.08,-106.73],[210.88,-104.13],[214.56,-108.81],[213.74,-85.61],[233.4,-67.57],[233.92,-78.43],[224.28,-100.05],[240.06,-101.89],[252.46,-110.65],[253.38,-110.91],[245.4,-119.27],[266.7,-117.59]],"c":true},"ix":2},"nm":"Path 3","mn":"ADBE Vector Shape - Group","hd":false},{"ind":3,"ty":"sh","ix":4,"ks":{"a":0,"k":{"i":[[0.4,5.6],[5.42,0.98],[12.6,-12.1],[6.24,-12.52],[0,0],[-3.38,-1.6],[-12.72,4.12],[-0.72,0.32],[-8.2,3.34]],"o":[[-0.2,-6.28],[-0.52,11.6],[-6.56,6.42],[0,0],[0.5,4],[3.48,-5.68],[0.82,-0.24],[10.86,-6.34],[0.1,-5.16]],"v":[[212.92,-18.25],[205.24,-27.93],[199.92,-7.99],[182.82,3.45],[182.8,3.45],[188.64,12.05],[200.52,1.93],[202.88,1.03],[214.46,-4.07]],"c":true},"ix":2},"nm":"Path 4","mn":"ADBE Vector Shape - Group","hd":false},{"ind":4,"ty":"sh","ix":5,"ks":{"a":0,"k":{"i":[[0.52,3.08],[2.36,-2.08],[0,0],[3.18,6.52],[7.36,4.66],[3.68,3.92],[10.54,3.34],[-5.62,-8.84],[-2.36,-4.16],[-10.76,0.4],[-1.54,2.58],[-7.26,0.92]],"o":[[-3.28,-0.76],[0,0],[-3.38,-2.5],[-3.38,-6.76],[-4.52,-2.86],[-6.36,-6.94],[-0.22,7.58],[2.36,4.18],[3.36,5.76],[0.72,-3.5],[4.82,0],[1.24,-2.92]],"v":[[122.66,146.61],[116.1,148.61],[113.94,146.11],[107.8,142.85],[100.84,131.35],[91.1,122.99],[79.84,115.81],[86.9,127.73],[93.88,140.25],[111.5,161.29],[114.26,150.87],[121.94,154.03]],"c":true},"ix":2},"nm":"Path 5","mn":"ADBE Vector Shape - Group","hd":false},{"ind":5,"ty":"sh","ix":6,"ks":{"a":0,"k":{"i":[[-5.12,10.1],[2.56,1.92],[0,-0.04],[1.1,-1.48],[3.48,-4.08],[4.72,-3.84],[1.42,-0.76],[0.5,-6.94],[-0.92,-4.26],[-2.58,1.84],[-2.76,4.76],[-4.7,5.44]],"o":[[-0.84,-3.16],[-1.4,0.9],[0,0.02],[-3.6,4.08],[-3.08,3.08],[-1.32,0.76],[-2.26,0.84],[-0.32,3.18],[9.12,1.42],[2.76,-3.26],[3.68,-6.18],[-2.66,-9.92]],"v":[[157.7,117.89],[152.06,109.13],[150.48,110.07],[149.6,111.65],[138.84,123.91],[132.28,128.49],[128.2,130.75],[124,135.85],[127.78,150.37],[146.02,153.37],[150.62,143.19],[156.46,133.49]],"c":true},"ix":2},"nm":"Path 6","mn":"ADBE Vector Shape - Group","hd":false},{"ind":6,"ty":"sh","ix":7,"ks":{"a":0,"k":{"i":[[3.18,3.82],[1.22,5.18],[0.82,1.82],[3.58,-3.26],[0,0],[-3.8,-5.76],[1.94,-5.08],[1.12,-7.44],[-3.88,0.34],[-1.94,5.74]],"o":[[-4,-6.18],[-0.92,-1.82],[-5.32,1.82],[0,0],[-0.18,11.7],[-1.72,4.94],[-1.74,4.26],[2.98,0.16],[5.54,-0.5],[-3.06,-3.84]],"v":[[-239.9,-83.85],[-241.12,-90.97],[-243.68,-96.45],[-252.08,-91.87],[-252.1,-91.87],[-244.52,-78.35],[-248.5,-72.17],[-249.22,-64.31],[-237.96,-65.57],[-230.58,-72.33]],"c":true},"ix":2},"nm":"Path 7","mn":"ADBE Vector Shape - Group","hd":false},{"ty":"mm","mm":1,"nm":"Merge Paths 1","mn":"ADBE Vector Filter - Merge","hd":false},{"ty":"tr","p":{"a":0,"k":[636.28,237.17],"ix":2},"a":{"a":0,"k":[0,0],"ix":1},"s":{"a":0,"k":[100,100],"ix":3},"r":{"a":0,"k":0,"ix":6},"o":{"a":0,"k":100,"ix":7},"sk":{"a":0,"k":0,"ix":4},"sa":{"a":0,"k":0,"ix":5},"nm":"Transform"}],"nm":"Group 4","np":10,"cix":2,"bm":0,"ix":4,"mn":"ADBE Vector Group","hd":false},{"ty":"fl","c":{"a":1,"k":[{"i":{"x":[0.667],"y":[1]},"o":{"x":[0.333],"y":[0]},"t":0,"s":[0,0.705882251263,1,1]},{"i":{"x":[0.667],"y":[1]},"o":{"x":[0.167],"y":[0]},"t":30,"s":[0,0.588235199451,1,1]},{"t":60.0000024438501,"s":[0,0.705882251263,1,1]}],"ix":4},"o":{"a":0,"k":100,"ix":5},"r":1,"bm":0,"nm":"Fill 1","mn":"ADBE Vector Graphic - Fill","hd":false}],"ip":0,"op":60.0000024438501,"st":0,"bm":0}],"markers":[]}